restaurant_name,address
Da Kao,"9750 170 Street NW Edmonton, AB T5T 5L4 Canada"
Social Canadian House,"15845 97 Street NW Edmonton, AB T5X 5V3 Canada"
RGE RD,"10643 - 123 Street Edmonton, AB T5M 1Z1 Canada"
Woodwork,"10132-100 Street Edmonton, AB T5J 0N8 Canada"
BaoBao,"10544 Jasper Avenue Edmonton, AB T5J 1Z7 Canada"
Dogpatch,"10158 90 Street NW Edmonton, AB T5H 1R7 Canada"
DOSC,"10190 - 104 Street NW Main Floor Edmonton, AB T5J 1A7 Canada"
Rosewood Foods,"101-10150 100 Street NW Edmonton, AB T5J 0P6 Canada"
Baijiu,"103-10359 104 Street NW Edmonton, AB T5J 1B9 Canada"
Bianco,"120-10020 101 A Avenue Edmonton, AB T5J 3G2 Canada"
Otto Food and Drink,"11405 95 Street NW Edmonton, AB T5G 1L3 Canada"
Bundok,"10228 104 Street NW Edmonton, AB T5J 1B8 Canada"
Pizza Hut,"11515-104th Avenue Edmonton, AB T5K 2S2 Canada"
Social Canadian House,"15845 97 Street NW Edmonton, AB T5X 5V3 Canada"
Thai Avenue Restaurant,"6536 170 Avenue NW Edmonton, AB T5Y 0H7 Canada"
Bodega 124th Street,"12417 Stony Plain Road Edmonton, AB T5N 3N3 Canada"
Meat,"8216 104 Street Edmonton, AB T6E 4E6 Canada"
Campiō Brewing Co,"10257 105 Street NW Edmonton, AB T5J 1E3 Canada"
Pip,"10335 83 Avenue NW Edmonton, AB T6E 2C6 Canada"
CQ Noodle & Bubble Tea,"10140 104 Street NW Edmonton, AB T5J 1A7 Canada"
Blowers & Grafton,"10550 82 Ave NW Edmonton, AB T6E 2A4 Canada"
Cafe Amore Bistro,"10807 106 Avenue NW Edmonton, AB T5H 4A7 Canada"
Bodega Highlands,"6509 112th Avenue NW Edmonton, AB T5W 0P1 Canada"
Gyu-Kaku Japanese BBQ,"10416 Jasper Ave Edmonton, AB T5J 4R5 Canada"
The Lunchbox Diner,"14413 115 Avenue NW Edmonton, AB T5M 3B8 Canada"
Flame & Barrel,"1237 Windermere Way SW Edmonton, AB T6W 2P3 Canada"
Social Canadian House,"15845 97 Street NW Edmonton, AB T5X 5V3 Canada"
Thai Avenue Restaurant,"6536 170 Avenue NW Edmonton, AB T5Y 0H7 Canada"
El Mero Mero Taqueria,"12223 156 Street NW Edmonton, AB T5V 1E6 Canada"
La Petite Iza,"10926 88 Avenue NW Floor 3 Edmonton, AB T6G 0Z1 Canada"
Hathaway's Diner,"13225-132 Street NW Edmonton, AB T5L 1R9 Canada"
SoDo on Jasper,"11011 Jasper Avenue Edmonton, AB T5K 0K6 Canada"
Fox Burger,"6423 112 Ave NW Edmonton, AB T5W 0N9 Canada"
Biera,"9570 - 76th Avenue Edmonton, AB T6C 0K2 Canada"
Smokin' Barrels Cocina Latina,"13119 156 Street NW Edmonton, AB T5E 1V2 Canada"
Gintaro Japanese Kitchen,"11850 145 Avenue NW Edmonton, AB T5X 2E3 Canada"
Black Pearl Seafood Bar-Downtown,"10132 104 Street Edmonton, AB T5J 1A7 Canada"
Refinery Grill,"10406 Mayfield Road Edmonton, AB T5P 4P4 Canada"
Da Kao,"9750 170 Street NW Edmonton, AB T5T 5L4 Canada"
Social Canadian House,"15845 97 Street NW Edmonton, AB T5X 5V3 Canada"
Thai Avenue Restaurant,"6536 170 Avenue NW Edmonton, AB T5Y 0H7 Canada"
Cork & Barley,"4274 137 Avenue NW Edmonton, AB T5Y 2W7 Canada"
The Common,"9910 109th Street Edmonton, AB T5K 1H5 Canada"
Nongbu Korean Eatery,"8115-104 Street NW Edmonton, AB T6E 4E4 Canada"
Partake,"12431 102 Ave Edmonton, AB T5N 0M2 Canada"
OEB Breakfast,"10174 100A Street Edmonton, AB T5J 0H3 Canada"
Uccellino,"10349 Jasper Avenue Edmonton, AB T5J 1Y7 Canada"
Yushang Rice Noodle,"10167 109 Street NW Edmonton, AB T5J 3P1 Canada"
Taste Of Persia,"17620 100 Avenue NW Edmonton, AB T5S 1S9 Canada"
SugarBowl,"10922 88 Avenue NW Edmonton, AB T6G 0Z1 Canada"
The Butternut Tree,"9707 110 St NW Edmonton, AB T5K 2L9 Canada"
Da Kao,"9750 170 Street NW Edmonton, AB T5T 5L4 Canada"
Social Canadian House,"15845 97 Street NW Edmonton, AB T5X 5V3 Canada"
Thai Avenue Restaurant,"6536 170 Avenue NW Edmonton, AB T5Y 0H7 Canada"
Sabor,"10220 103 Street Edmonton, AB T5J 4A1 Canada"
Transit Smokehouse & BBQ,"12720 Fort Rd NW Edmonton, AB T5A 1A6 Canada"
Luna Cocina Mexicana,"9880 63 Avenue NW Edmonton, AB T6E 0G6 Canada"
Sushi Toshi,"13619 St Albert Trail NW Edmonton, AB T5L 5E7 Canada"
District 102,"10222 102 Street NW Edmonton, AB T5J 4C5 Canada"
Chef Tony,"14921 Stony Plain Road Edmonton, AB T5P 4W1 Canada"
Dorinku Osaka,"10328 Jasper Avenue Edmonton, AB T5J 1Y7 Canada"
Rockin' Robyn's Diner,"16604- 109 Avenue Edmonton, AB T5P 1C2 Canada"
Louisiana Purchase,"13503 St Albert Trail NW Edmonton, AB T5L 5E7 Canada"
Hu's Noodle Nook,"11238 104 Avenue NW Edmonton, AB T5K 2X4 Canada"
Da Kao,"9750 170 Street NW Edmonton, AB T5T 5L4 Canada"
Social Canadian House,"15845 97 Street NW Edmonton, AB T5X 5V3 Canada"
Thai Avenue Restaurant,"6536 170 Avenue NW Edmonton, AB T5Y 0H7 Canada"
Dalla Tavola Zenari,"10166-100 A Street NW Edmonton, AB T5J 0R6 Canada"
Brasserie Bardot,"10109 125 St NW Edmonton, AB T5N 1S7 Canada"
Ale Architect,"9918 76 Avenue NW Edmonton, AB T6E 1K7 Canada"
The Bedouins,"12832 137 Avenue NW Edmonton, AB T5L 4Y8 Canada"
Braven,"10344 102 Street NW JW Marriott Edmonton, AB T5H 2T3 Canada"
Tan-Sen,"11044 82 Avenue NW Edmonton, AB T6G 0T2 Canada"
María Northern Mexican Cuisine,"10220 103 Street NW Edmonton, AB T5J 0Y8 Canada"
Ashford House Pub & Kitchen,"12026 107 Avenue NW Edmonton, AB T5H 0Z2 Canada"
Tokiwa Ramen,"11978 104 Avenue Edmonton, AB T5K 0T3 Canada"
Izakaya Tomo,"3739 99 Street Edmonton, AB T6E 6J7 Canada"
Da Kao,"9750 170 Street NW Edmonton, AB T5T 5L4 Canada"
Social Canadian House,"15845 97 Street NW Edmonton, AB T5X 5V3 Canada"
Thai Avenue Restaurant,"6536 170 Avenue NW Edmonton, AB T5Y 0H7 Canada"
Let's Grill Sushi & Izakaya,"10709 Jasper Avenue Edmonton, AB T5J 3N3 Canada"
JOEY Bell Tower,"10310-101 Street NW Edmonton, AB T5J 4X1 Canada"
Thai Avenue Restaurant,"6536 170 Avenue NW Edmonton, AB T5Y 0H7 Canada"
Chi & Em,"10542 82 Ave NW Edmonton, AB T6E 2A4 Canada"
Dadeo,"10548A 82 Avenue NW Edmonton, AB T6E 2A4 Canada"
Uncle Ed's Restaurant,"4824 118 Avenue NW Edmonton, AB T5W 1B4 Canada"
Arbour,"10421 82 Avenue NW Edmonton, AB T6E 2A1 Canada"
Continental Treat Fine Bistro,"9698 Jasper Avenue Edmonton, AB T5H 3V5 Canada"
Share,"10135 100 Street NW The Westin Edmonton Edmonton, AB T5J 0N7 Canada"
CRAFT Beer Market,"10013 101A Avenue Edmonton, AB T5J 0C3 Canada"
Da Kao,"9750 170 Street NW Edmonton, AB T5T 5L4 Canada"
Social Canadian House,"15845 97 Street NW Edmonton, AB T5X 5V3 Canada"
Thai Avenue Restaurant,"6536 170 Avenue NW Edmonton, AB T5Y 0H7 Canada"
Sauce Caribbean,"13655 St Albert Trail Edmonton, AB T5L 5E7 Canada"
Dorinku Tokyo,"10205 82 Avenue NW Edmonton, AB T6E 3X8 Canada"
Wilfred's,"10429 121 Street NW Edmonton, AB T5N 1L2 Canada"
Little Brick,"10004  90th Street Edmonton, AB T5H 4P4 Canada"
La Patrona,"2 Athabascan Avenue Unit 8 Sherwood Park, AB T8A 4E3 Canada"
XO Bistro & Bar,"10236 103 Street Edmonton, AB T5J 0Y8 Canada"
La Boca Loca,"3903 99 Street Suite 120 Edmonton, AB T6E 6M2 Canada"
Machef,"5818 111 Street NW Edmonton, AB T6H 3G1 Canada"
Tea House Cafe,"10332 81 Avenue NW Edmonton, AB T6E 1X2 Canada"
Izakaya Otori,"11212 Jasper Avenue Edmonton, AB T5K 2V2 Canada"
Da Kao,"9750 170 Street NW Edmonton, AB T5T 5L4 Canada"
Social Canadian House,"15845 97 Street NW Edmonton, AB T5X 5V3 Canada"
Thai Avenue Restaurant,"6536 170 Avenue NW Edmonton, AB T5Y 0H7 Canada"
Glass Monkey,"5842 111 Street NW Edmonton, AB T6H 3G1 Canada"
GURU Kitchen + Bar,"10111 104 Avenue Unit 108 Edmonton, AB T5J 0J4 Canada"
Northern Chicken,"10704 124 Street Edmonton, AB T5M 0H1 Canada"
Restaurant Yarrow,"101-10544 114 Street NW Edmonton, AB T5H 3J7 Canada"
Asian Express Hot Pot,"10586 100 Street NW Edmonton, AB T5H 2R6 Canada"
La Bodeguita De Cuba,"11810 87 Street NW Edmonton, AB T5B 3M9 Canada"
Sarap Sarap Catering and Restaurant,"10130 107 Avenue NW Edmonton, AB T5H 0V5 Canada"
Dagu Rice Noodle,"10408 Jasper Avenue Edmonton, AB T5J 1Z3 Canada"
The Purple Perogy,"993 Fir Street Unit 24 Sherwood Park, AB T8A 4N5 Canada"
The People's Perogy,"13645 149 Street Edmonton, AB T5L 2T3 Canada"
Montana's BBQ & Bar,"1720 99 St Nw Edmonton, AB T6N 1M5 Canada"
Social Canadian House,"15845 97 Street NW Edmonton, AB T5X 5V3 Canada"
Thai Avenue Restaurant,"6536 170 Avenue NW Edmonton, AB T5Y 0H7 Canada"
Kiwado Japanese Cuisine,"10923-101 Street NW Edmonton, AB T5H 2S7 Canada"
Bottega 104,"10181 104 Street NW Edmonton, AB T5J 0Z9 Canada"
Golden Dumpling Restaurant,"10939-101 Street Edmonton, AB T5H 2S7 Canada"
Ernest's,"Hokanson Centre for Culinary Arts 11762 106th Street Edmonton, AB T5G 2R1 Canada"
LOFT Thai Eatery,"5324 75 Street NW Edmonton, AB T6E 6S4 Canada"
Gangnam Street Food,"15, 9261 34 Avenue NW Edmonton, AB T6E 5T5 Canada"
May,"10522 124 St Edmonton, AB T5N 1R9 Canada"
Jerusalem Shawarma,"9320 137 Avenue NW Edmonton, AB T5E 6C2 Canada"
El Corazon,"14101 West Block Drive NW Unit 150 Edmonton, AB T5N 1L5 Canada"
OEB Breakfast ,"56 - 10240 124 St Edmonton, AB T5N 3W6 Canada"
Olive Garden Italian Restaurant,"4110 Gateway Boulevard Northwest Edmonton, AB T6J 6S7 Canada"
Social Canadian House,"15845 97 Street NW Edmonton, AB T5X 5V3 Canada"
Thai Avenue Restaurant,"6536 170 Avenue NW Edmonton, AB T5Y 0H7 Canada"
Pink Gorilla,"11909 Jasper Avenue Edmonton, AB T5K 0P1 Canada"
Pur & Simple,"1 Kingsway Garden Mall NW Edmonton, AB T5G 3A6 Canada"
Vaticano Cucina,"10310 45 Ave NW Edmonton, AB T6H 5K3 Canada"
Y-Not Indian,"10060 Jasper Avenue NW Edmonton, AB T5J 1V9 Canada"
Community Taps + Pizza,"8232 Gateway Boulevard NW Edmonton, AB T6E 4B2 Canada"
Misoya,"10146 104 Street NW Edmonton, AB T5J 1A7 Canada"
Harvest Room,"10065 - 100th Street Edmonton, AB T5J 0N6 Canada"
Damso Izakaya,"10352 82 Avenue NW Edmonton, AB T6E 1Z8 Canada"
Bistro Praha,"10117 101 Street NW Edmonton, AB T5J 0T4 Canada"
Aloha Hawaiian Poke & Grill,"11315 174 Street NW Edmonton, AB T5S 0B7 Canada"
Olive Garden Italian Restaurant,"4110 Gateway Boulevard Northwest Edmonton, AB T6J 6S7 Canada"
Social Canadian House,"15845 97 Street NW Edmonton, AB T5X 5V3 Canada"
Thai Avenue Restaurant,"6536 170 Avenue NW Edmonton, AB T5Y 0H7 Canada"
Calle Mexico,"11127 107th Avenue Edmonton, AB T5H 0X9 Canada"
Eat Sushi,"102-11010 101 Street NW Edmonton, AB T5H 4B9 Canada"
Hanjan Oliver,"10166 114 Street NW Edmonton, AB T5K 1R7 Canada"
Poke & More Canada,"7256 101 Avenue NW Edmonton, AB T6A 0J1 Canada"
Thanh Thanh Oriental Noodle House,"10718 101 Street NW Edmonton, AB T5H 2S3 Canada"
Hunan Family Cuisine,"10558 109 St NW Edmonton, AB T5H 3B2 Canada"
The Cajun House,"7 Saint Anne Street St. Albert, AB T8N 2X4 Canada"
Padmanadi Vegetarian Restaurant,"10740 101 Street Edmonton, AB T5H 2S3 Canada"
Big Daddy's Sandwich,"15039  118 Avenue Edmonton, AB T5V 1B8 Canada"
Wing Snob,"11988-104 Avenue Building 4 Edmonton, AB T5K 2G2 Canada"
Olive Garden Italian Restaurant,"4110 Gateway Boulevard Northwest Edmonton, AB T6J 6S7 Canada"
Social Canadian House,"15845 97 Street NW Edmonton, AB T5X 5V3 Canada"
Thai Avenue Restaurant,"6536 170 Avenue NW Edmonton, AB T5Y 0H7 Canada"
Barbecue King City,"10606 - 97 Street Edmonton, AB T5H 2L6 Canada"
The Next Act,"8224 104 Street NW Edmonton, AB T6E 4E6 Canada"
Haus Falkenstein,"15215 111 Ave NW Edmonton, AB T5M 2R1 Canada"
Joanne's BBQ House,"13119 156 Street NW Edmonton, AB T5V 1V2 Canada"
New Tan Tan,"10133 97 Street NW Edmonton, AB T5J 0L2 Canada"
Seoul Fried Chicken,"7904B - 104 Street Edmonton, AB T6J 4C8 Canada"
Flirty Bird Nashville Hot Chicken,"10455 Whyte Avenue Edmonton, AB T6E 2A2 Canada"
Leopard,"14053 West Block Drive NW Unit 170 Edmonton, AB T5N 1L8 Canada"
Waffle Bird,"8116 101 Street NW Edmonton, AB T6E 3Y8 Canada"
Triple O's,"10240 Kingsway NW Edmonton, AB T5H 3V9 Canada"
Da Kao,"9750 170 Street NW Edmonton, AB T5T 5L4 Canada"
Social Canadian House,"15845 97 Street NW Edmonton, AB T5X 5V3 Canada"
Thai Avenue Restaurant,"6536 170 Avenue NW Edmonton, AB T5Y 0H7 Canada"
Mamenche's,"10831 101 Street Edmonton, AB T5H 2M3 Canada"
Lee House,"10704 97 Street NW Edmonton, AB T5H 2L9 Canada"
Yo Baba Ukrainian Foods,"8103 127 Avenue NW Suite 9 Edmonton, AB T5C 1R9 Canada"
Shanghai 456,"14456 - 118 Avenue NW Edmonton, AB T5L 2M5 Canada"
Riverside Bistro ,"1 Thornton Crt NW Edmonton, AB T5J 2E7 Canada"
Maria's Place,"11739 83 Street NW Edmonton, AB T5B 2Z1 Canada"
Tony's Pizza & Italian Restaurant,"9605 111 Avenue NW Edmonton, AB T5G 0A9 Canada"
Native Delights,"12011 111 Avenue NW Edmonton, AB T5G 0E7 Canada"
Chicken Hauz,"10752 Jasper Avenue Edmonton, AB T5J 2A7 Canada"
Loft106,"10640 100 Avenue NW Easter Sunday Brunch Edmonton, AB T5J 1J1 Canada"
Olive Garden Italian Restaurant,"4110 Gateway Boulevard Northwest Edmonton, AB T6J 6S7 Canada"
Social Canadian House,"15845 97 Street NW Edmonton, AB T5X 5V3 Canada"
Thai Avenue Restaurant,"6536 170 Avenue NW Edmonton, AB T5Y 0H7 Canada"
The Gardens,"10048 102 Street NW Edmonton, AB T5J 2B8 Canada"
Liz's HomeStyle Grill,"8930 Jasper Avenue Suite 120 Edmonton, AB T5H Canada"
Bodega Tapas and Wine Bar,"10220 103 Street Suite 109 Edmonton, AB T5J 0Y8 Canada"
Belgravia Hub,"7609 115 Street  NW Edmonton, AB T6G 0M2 Canada"
Battista's Calzone,"11745 84 Street NW Edmonton, AB T5B 3C2 Canada"
Sofra Restaurant,"10345 106 Street NW Suite 108 Edmonton, AB T5J 1H8 Canada"
Amore Pasta,"10235 101St NW Suite 173 Edmonton, AB T5J Canada"
Buok Fresh Korean Kitchen,"10707 100 Avenue NW Edmonton, AB T5J 3M1 Canada"
Pho Tau Bay,"10660 98 St NW Edmonton, AB T5H 2N7 Canada"
Filistix,"10621 100 Ave NW Edmonton, AB T5J 0B3 Canada"
Olive Garden Italian Restaurant,"4110 Gateway Boulevard Northwest Edmonton, AB T6J 6S7 Canada"
Social Canadian House,"15845 97 Street NW Edmonton, AB T5X 5V3 Canada"
Thai Avenue Restaurant,"6536 170 Avenue NW Edmonton, AB T5Y 0H7 Canada"
Avila Arepa,"10760 82 Avenue Edmonton, AB T6E 2A8 Canada"
Ruth's Chris Steak House,"9990 Jasper Avenue Edmonton, AB T5J 1P7 Canada"
Flat Boy Burgers,"8717 53 Avenue NW Edmonton, AB T3A 2G8 Canada"
Nuovo Bistro,"10721 124 Street Edmonton, AB T5M 0H2 Canada"
Felice Cafe,"10930 84 Street NW Stadium Yards Edmonton, AB T5H 1M7 Canada"
La Ronde Revolving Restaurant,"10111 Bellamy Hill NW Edmonton, AB T5J 1N7 Canada"
Atlas Steak + Fish,"8882-170 Street NW Suite 2710 West Edmonton Mall Edmonton, AB T5T 3J7 Canada"
The Marc,"9940 106 Street NW Suite 100 Edmonton, AB T5K 2N2 Canada"
Bar Bricco,"10347 Jasper Avenue Edmonton, AB T5J 1Y7 Canada"
Abyssinia Ethiopian Restaurant,"10810 95 Street NW Edmonton, AB T5H 2E3 Canada"
Olive Garden Italian Restaurant,"4110 Gateway Boulevard Northwest Edmonton, AB T6J 6S7 Canada"
Social Canadian House,"15845 97 Street NW Edmonton, AB T5X 5V3 Canada"
Thai Avenue Restaurant,"6536 170 Avenue NW Edmonton, AB T5Y 0H7 Canada"
Safron's Caribbean Delight,"8155 112 Avenue NW Edmonton, AB T5B 0G1 Canada"
Italia,No data or change code
Ribeye Butcher Shop,"15534 37 Street Northwest Edmonton, AB T5Y 0S5 Canada"
Del Posto Italian Kitchen,"10056 107 Street Edmonton, AB T5J 1J2 Canada"
Sai Woo Garden Restaurant,"10571 97 St NW Edmonton, AB T5H 2L4 Canada"
Double Greeting Wonton House,"10212 96 Street NW Edmonton, AB T5H 2G7 Canada"
Graze,"11834 Kingsway Avenue Edmonton, AB T5G 3J5 Canada"
Noodleholic,"9658 107A Avenue Edmonton, AB T5H 0Z7 Canada"
Stanhope Eatery and Bar,"4208 Calgary Trail NW Edmonton, AB T6J 6Y8 Canada"
Birddog,"10181 104 St NW Century Hospitality Group Edmonton, AB T5J 0Z9 Canada"
Da Kao,"9750 170 Street NW Edmonton, AB T5T 5L4 Canada"
Social Canadian House,"15845 97 Street NW Edmonton, AB T5X 5V3 Canada"
Thai Avenue Restaurant,"6536 170 Avenue NW Edmonton, AB T5Y 0H7 Canada"
Allegro Italian Kitchen,"9650 142 Street NW Edmonton, AB T5N 4B2 Canada"
JayBees Diner,"12707 140 Avenue NW Edmonton, AB T6V 1G5 Canada"
Gravy- Burgers And Fries,"10933 - 120 Street Edmonton, AB T5H 3R3 Canada"
Nara Chicken & Tonkatsu,"8712 150 Street NW Edmonton, AB T5R 5Y2 Canada"
Rocky Mountain Icehouse,"10516 Jasper Avenue Edmonton, AB T5K 1X4 Canada"
Sorrentino's Downtown,"10162 100 St NW Edmonton, AB T5J 0P5 Canada"
Bete Africa,"9570 111 Avenue NW Edmonton, AB T5G 0A7 Canada"
Vicki's Gourmet Bistro,"9828 101A Ave  NW Edmonton, AB T5J 3C6 Canada"
The Wokkery Restaurant,"10969 98 St NW Edmonton, AB T5H 2P7 Canada"
Frida Urban Taqueria,"12411 Stony Plain Road Edmonton, AB T5N 3N3 Canada"
Da Kao,"9750 170 Street NW Edmonton, AB T5T 5L4 Canada"
Social Canadian House,"15845 97 Street NW Edmonton, AB T5X 5V3 Canada"
Thai Avenue Restaurant,"6536 170 Avenue NW Edmonton, AB T5Y 0H7 Canada"
Blue Truck Barbecue,"16336 – 111 Avenue NW Edmonton, AB T5M 4G3 Canada"
Duke's Diner,"11636 87 Avenue NW Edmonton, AB T6G 0Y2 Canada"
Viphalay,"10523 - 99 Avenue Edmonton, AB T5K 0E7 Canada"
Seoul Fried Chicken,"10145 104 Street NW Edmonton, AB T5J 0Z9 Canada"
Round 2,"8130 Gateway Boulevard NW Edmonton, AB T6E 4B1 Canada"
Boualouang Laos & Thai Cuisine,"10569 97th Street NW Edmonton, AB T5H 2L7 Canada"
Die Pie,"11817 105 Avenue NW Edmonton, AB T5J 0L9 Canada"
Shojo Izakaya,"10425 121 Street NW Edmonton, AB T5N 1L2 Canada"
Pals Sandwiches,"10335 83 Avenue NW Edmonton, AB T6E 2C6 Canada"
Panini's Italian Cucina,"8544 Jasper Avenue Edmonton, AB T5H 3S4 Canada"
Olive Garden Italian Restaurant,"4110 Gateway Boulevard Northwest Edmonton, AB T6J 6S7 Canada"
Social Canadian House,"15845 97 Street NW Edmonton, AB T5X 5V3 Canada"
Thai Avenue Restaurant,"6536 170 Avenue NW Edmonton, AB T5Y 0H7 Canada"
Panago Pizza,"11762 - 106th Street Edmonton, AB T5G 2R1 Canada"
Cupbap,"101-10115 100A Street NW Edmonton, AB T5J 2W2 Canada"
El Fogón Latino,"8026 118 Avenue Edmonton, AB T5B 0R8 Canada"
Shumka Ukrainian Foods,"21F Kingsway Garden Mall NW Edmonton, AB T5G 3A6 Canada"
Brew and Bloom,"10550 115 St NW Edmonton, AB T5H 3K6 Canada"
Noodle Feast,"3440 99 Street NW Edmonton, AB T6E 5X5 Canada"
Malt & Mortar,"10416 82 Avenue Edmonton, AB T6E 2A2 Canada"
The Underground Tap & Grill,"10004 Jasper Avenue NW Edmonton, AB T5J 1R3 Canada"
Hanjan,"3735 99 Street NW Edmonton, AB T6E 6J7 Canada"
Shogun Fusion ,"10125 121 St NW Edmonton, AB T5N 3W9 Canada"
Olive Garden Italian Restaurant,"4110 Gateway Boulevard Northwest Edmonton, AB T6J 6S7 Canada"
Social Canadian House,"15845 97 Street NW Edmonton, AB T5X 5V3 Canada"
Thai Avenue Restaurant,"6536 170 Avenue NW Edmonton, AB T5Y 0H7 Canada"
Kazoku Ramen,"16518 100 Avenue NW Edmonton, AB T5P 4Y2 Canada"
Commodore Restaurant,"10712 Jasper Avenue NW Edmonton, AB T5J 2A7 Canada"
Cosmic Pizza & Donair,"10412 102 Avenue Edmonton, AB T5J 0B4 Canada"
El Mariachi,"10991A 124 Street Edmonton, AB T5M 0H9 Canada"
Italian Centre Shop,"10878 95 Street NW Edmonton, AB T5H 2E4 Canada"
Tony Roma's,"17115 100 Avenue Northwest Edmonton, AB T5S 1T9 Canada"
Fu's Repair Shop,"9902 109 St NW Edmonton, AB T5K 1H5 Canada"
Memphis Blues Barbeque House,"16907 127 Street NW Edmonton, AB T6V 0T1 Canada"
Nhatrang Vietnamese Restaurant,"10120 111 Avenue NW Edmonton, AB T5G 0B3 Canada"
Old Beverly Cafe In & Out,"3908 118 Avenue Edmonton, AB T5W 0Z9 Canada"
Creekwood Pizza,"404 Chappelle Dr SW Edmonton, AB T6W 0Z3 Canada"
Social Canadian House,"15845 97 Street NW Edmonton, AB T5X 5V3 Canada"
Thai Avenue Restaurant,"6536 170 Avenue NW Edmonton, AB T5Y 0H7 Canada"
Japonais Bistro,"11806 Jasper Avenue Edmonton, AB T5K 0C1 Canada"
Liuyishou Hotpot Edmonton,"9700 105 Ave NW Suite 168 Edmonton, AB T5H 4J1 Canada"
The Bean's List,"10700 104 Avenue Bulding 5 Floor 2nd Mac Ewan University Edmonton, AB T5J 4S2 Canada"
Hansik,"13727 127St NW Edmonton, AB T6V 1A8 Canada"
Swiss 2 Go,"4306-118 Avenue Edmonton, AB T5W 1B2 Canada"
Co Chin Saigon,"10632 100 Street NW Edmonton, AB T5H 4L3 Canada"
Narayanni's,"10131-81 Avenue NW Edmonton, AB T6E 1W9 Canada"
Green Onion Cake Man,"9132 118 Avenue NW Edmonton, AB T5B 0V1 Canada"
Emma's Ethiopian Restaurant & Grocery,"12512 118 Avenue North West Edmonton, AB T5L 2K6 Canada"
Villa Bistro,"11520 100 Avenue Edmonton, AB T5K 0J7 Canada"
Creekwood Pizza,"404 Chappelle Dr SW Edmonton, AB T6W 0Z3 Canada"
Social Canadian House,"15845 97 Street NW Edmonton, AB T5X 5V3 Canada"
Thai Avenue Restaurant,"6536 170 Avenue NW Edmonton, AB T5Y 0H7 Canada"
97 Hot Pot,"10602 97 Street NW Edmonton, AB T5H 2L6 Canada"
Smoke BBQ + Bar,"10266 103 Street NW Edmonton, AB T5J 0Y8 Canada"
Phoenix Diner,"10803 Jasper Avenue Edmonton, AB T5J 5G9 Canada"
Julian's Piano Bar,"11727 Kingsway Edmonton, AB T5G 3A1 Canada"
Cirque Du Soleil,No data or change code
The Lingnan,"10582 104 Street NW Edmonton, AB T5H 2W1 Canada"
Mama Asha Cafe,"11745 95 Street Edmonton, AB T5G 1L9 Canada"
East75 Restaurant & Lounge,"7230 Argyll Road Edmonton, AB T6C 4A6 Canada"
Normand's Restaurant,"11639 Jasper Ave Nw Edmonton, AB T5K 0M9 Canada"
Coco Deep Fried Chicken,"12620E - 132 Avenue Edmonton, AB T5L 3P9 Canada"
Creekwood Pizza,"404 Chappelle Dr SW Edmonton, AB T6W 0Z3 Canada"
Social Canadian House,"15845 97 Street NW Edmonton, AB T5X 5V3 Canada"
Thai Avenue Restaurant,"6536 170 Avenue NW Edmonton, AB T5Y 0H7 Canada"
All Happy Family Restaurant,"10011 106 Avenue NW Edmonton, AB T5H 0N8 Canada"
Little Bee BBQ HK Cafe,"13823 127th Street NW Edmonton, AB T6V 1A8 Canada"
Chatkhara by Krishna,"10149 109 Street NW Edmonton, AB T5J 3M5 Canada"
Chatkhara by Krishna,"10149 109 Street NW Edmonton, AB T5J 3M5 Canada"
Rebel Food & Drink,"9112 142 Street NW Edmonton, AB T5R 0M7 Canada"
Royal Coach Dining Room,"11727 Kingsway NW Chateau Louis Hotel & Conference Centre Edmonton, AB T5G 3J3 Canada"
Coliseum Pizza & Steak,"8015 118 Avenue NW Edmonton, AB T5B 0R7 Canada"
Kababji Mediterranean cuisine,"14016 127 Street NW Edmonton, AB T6V 1K4 Canada"
Spirit Bistro,"10824 97 Street NW Unit 3 Edmonton, AB T5H 2M3 Canada"
Backstairs Burger,"11010 51 Avenue Edmonton, AB T6H 0L4 Canada"
Creekwood Pizza,"404 Chappelle Dr SW Edmonton, AB T6W 0Z3 Canada"
